[{"assetType":"PolicyAction","assetObject":{"name":"Policy Action [Straight Through Routing] -> Policy For API OAuth-External-API[1.0]","id":"71c092e1-4773-480c-afe9-56b06e55f9c0","status":"Success","explanation":"OK","warning":false}},{"assetType":"PolicyAction","assetObject":{"name":"Policy Action [Enable HTTP / HTTPS] -> Policy For API OAuth-External-API[1.0]","id":"19ab04a6-9c2d-4530-a1eb-7e7fc12490bc","status":"Success","explanation":"OK","warning":false}},{"assetType":"Policy","assetObject":{"name":"Policy For API OAuth-External-API[1.0]","id":"83f2cf6f-1aab-42c3-8c09-59e6d9655676","status":"Success","explanation":"OK","warning":false}},{"assetType":"PolicyAction","assetObject":{"name":"Policy Action [Log Invocation] -> Policy For API OAuth-External-API[1.0]","id":"5aed9691-a7ae-41e6-a983-0fe8255de4d4","status":"Success","explanation":"OK","warning":false}},{"assetType":"API","assetObject":{"name":"OAuth-External-API[1.0]","id":"7f69de93-94fa-48a7-82db-0506870a8f48","status":"Success","explanation":"OK","warning":false}},{"assetType":"PolicyAction","assetObject":{"name":"Policy Action [Custom Extension] -> Policy For API OAuth-External-API[1.0]","id":"5ff6ce70-6f23-4654-90c1-9e68012d9312","status":"Success","explanation":"OK","warning":false}}]