[{"assetType":"Policy","assetObject":{"name":"Policy For API ContextRoutingAPI[1.0]","id":"71dc2918-6f21-4ec5-8dbf-670826a4d481","status":"Success","explanation":"OK","warning":false}},{"assetType":"PolicyAction","assetObject":{"name":"Policy Action [Context-based Routing] -> Policy For API ContextRoutingAPI[1.0]","id":"35717b15-650b-4dc5-bc43-54058bcfcf66","status":"Success","explanation":"OK","warning":false}},{"assetType":"PolicyAction","assetObject":{"name":"Policy Action [Enable HTTP / HTTPS] -> Policy For API ContextRoutingAPI[1.0]","id":"300f8114-aaaf-458a-bb51-5b2d9828213f","status":"Success","explanation":"OK","warning":false}},{"assetType":"PolicyAction","assetObject":{"name":"Policy Action [Log Invocation] -> Policy For API ContextRoutingAPI[1.0]","id":"07ec9a30-83af-429d-ab55-27c54350e1ad","status":"Success","explanation":"OK","warning":false}},{"assetType":"API","assetObject":{"name":"ContextRoutingAPI[1.0]","id":"e8871779-3a9b-40a9-9f62-ea2d11ef8f47","status":"Success","explanation":"OK","warning":false}}]